year,91,92,93,94,95,96,97,98,99,100,101,102,103,104,105,106,107,108,109,110,111,112,113,114,115,116,117,118,119,120,121,122,123,124,125,126,127,128,129,130,131,132,133,134,135,136,137,138,139,140,141,142,143,144,145,146,147,148,149,150,151,152,153,154,155,156,157,158,159,160,161,162,163,164,165,166,167,168,169,170,171,172,173,174,175,176,177,178,179,180,181,182,183,184,185,186,187,188,189,190,191,192,193,194,195,196,197,198,199,200,201,202,203,204,205,206,207,208,209,210,211,212,213,214,215,216,217,218,219,220,221,222,223,224,225,226,227,228,229,230,231,232,233,234,235,236,237,238,239,240,241,242,243,244,245,246,247,248,249,250,251,252,253,254,255,256,257,258,259,260,261,262,263,264,265,266,267,268,269,270,271,272,273
1991,160.57611570000003,84.4174474,111.17447289999998,136.4114232,122.79980179999998,66.226637,64.73716079999998,92.40608160000001,77.33494219999999,93.8654841,108.62646720000001,296.66156850000004,315.6442149,132.2830476,79.5576532,59.22363840000001,103.5669712,229.7828653,267.668015,123.10888,78.8645376,101.2667859,116.29879799999999,117.87486480000001,89.6670372,70.8144216,101.717983,94.4383638,78.57111040000001,73.69098399999999,59.7474504,129.8585288,143.0767977,139.8293694,192.90125250000003,221.52411480000004,224.8469055,247.6782088,184.1887814,303.22734080000004,409.9502888,417.24294919999994,252.22027949999998,136.823412,92.70683149999999,230.069588,354.70629180000003,357.2325680000001,272.5864267,175.447755,222.9157056,154.10950599999998,103.08399659999999,69.0338376,131.2462662,110.269498,136.61379300000002,178.0125457,233.49766019999998,201.95905059999996,219.7671265,239.3113158,259.09572779999996,266.6621952,171.544688,238.3368288,380.37637200000006,305.00155839999996,404.50232950000003,257.8849887,218.63697520000002,314.32168099999996,208.37373480000002,145.3190915,112.0757455,84.72592379999999,142.1931588,152.1053915,109.35398500000001,116.3673812,169.2866968,169.54437670000002,141.0049368,171.1007403,195.7254835,97.6925258,199.6974882,192.22675339999995,258.6327106,208.1315512,105.8762418,177.9280118,200.45751959999998,407.1791618,257.57996,185.7239775,279.12892320000003,131.64364149999997,256.4252712,268.57666270000004,114.3965772,274.42842829999995,324.0149838,413.7700076,419.5508832,307.63903079999994,136.413849,260.9643948,268.08073,249.7482036,189.58858239999998,203.33349400000003,232.1406945,300.72061299999996,297.5418276,587.8105264,420.40371999999996,244.6222786,258.7313524,213.5763151,208.5595897,250.5298914,101.33968319999998,283.1278352,352.1106195,443.10584759999995,369.1271064,315.2105852,304.1367216,370.91071800000003,528.7781954,422.59309,314.97992239999996,424.456161,352.9326174,249.13601829999996,374.5116088,267.8237406,190.4722512,597.7434136,298.6773507,189.27063750000002,152.66686200000004,118.8527634,207.6390155,271.9969567,243.03829620000002,251.44387299999997,265.8728127,273.15431,145.3069128,641.8988672,273.33321029999996,250.4573798,212.5508448,189.8902059,51.614601,165.1915398,170.711341,219.2123488,114.10390199999999,184.86209279999997,254.26939099999998,187.8208212,249.35036,235.97891759999996,211.6001667,109.4031704,163.03507499999998,68.1636688,197.43409399999996,301.1888627999999,161.40257119999998,122.5372512,108.70298999999999,183.64269000000002,314.1318495,154.9884375,163.52089279999998,240.39901749999999,190.36094369999998,197.40771660000001,124.530231
1992,114.62315519999999,138.8864248,183.46759980000002,95.1710284,74.471535,57.724113200000005,72.7924349,37.2053432,25.496620000000004,19.1932875,52.016123400000005,124.302542,242.61533599999999,110.0893687,258.58191419999997,326.3644032,214.17867799999996,116.82606400000002,93.9125094,151.98718599999998,201.793745,92.54048850000001,70.9853144,58.585378500000004,232.17262099999996,366.77511849999996,153.21617999999998,87.541155,139.680942,134.3869776,145.8638181,195.22938599999998,190.72736240000003,451.6953966,313.09292800000003,188.357649,159.4780833,180.49196980000002,135.4616573,148.22413659999998,113.29177199999998,110.9989006,210.384288,159.62500479999997,111.102208,288.9766596,103.616745,113.55371720000001,85.29860880000001,72.2788164,51.41275890000001,68.6994,149.49607400000002,259.2874752,337.6644992,336.0514038,174.73437,157.85123900000002,81.2985571,220.09891640000004,275.724943,312.9453748,357.6826275,171.6233979,82.2787554,77.21859,253.15982850000003,299.9833668,218.0642598,246.5752545,229.03094710000002,109.59472079999999,120.316684,200.5897602,305.865184,334.153683,323.81115,280.8799988,144.8568061,337.739552,341.99192500000004,294.3134832,317.4482934,315.23975160000003,179.49796470000004,154.6275312,240.984469,227.1915234,78.7023932,116.2317132,121.76702159999999,134.284449,131.5899625,94.8187898,140.06541399999998,202.65651349999996,206.398136,136.49377500000003,138.4975488,117.2507476,151.09875,269.797719,263.7444345,262.8831573,228.10862799999998,286.5469776,146.2632186,71.7004305,184.84042499999998,108.74725119999998,178.02092710000002,330.76639140000003,314.1600084,231.67542579999997,274.5760576,126.3746493,191.01354260000002,139.6114488,88.2925376,127.5734816,243.67404750000003,151.98763900000003,116.57413560000002,276.0856853,337.1868507,252.81910500000004,210.9745911,278.7383277,370.2537495,222.2150144,223.72034580000005,162.12415099999998,179.4297758,414.0494875,336.9466638,411.360228,280.06104400000004,254.149187,320.6047316,394.3763595,317.807391,175.9265252,50.686974,46.476095900000004,40.4342592,148.92977699999997,235.0605924,249.38584079999995,355.0739264,247.0151145,129.0251619,84.031668,124.38240359999999,89.8187003,78.62900760000001,50.83546199999999,95.93993090000001,69.0791208,83.2229598,157.1804585,183.7139904,161.2375739,240.54356520000002,240.6566232,115.24588320000001,150.1241339,107.799055,74.6201257,119.900109,100.9826085,113.872514,252.89111069999998,221.02577639999998,74.9264256,151.89102239999997,144.8213004,131.1529608,104.3905152,82.0868821,86.5468932,148.6271124,584.2317694999999,368.650436
1993,131.9388996,81.003654,119.015164,119.18941699999999,94.80952799999999,72.8282737,48.9131712,74.59248339999999,82.8393309,64.348837,70.3344416,98.3360384,93.1364618,95.15420720000002,116.5366034,98.4545466,50.180523300000004,48.23899599999999,70.681754,219.56714920000002,172.2518925,232.784055,113.64582349999999,73.59527560000001,96.011685,71.557667,103.6449608,98.5304385,105.0394917,105.60309360000001,287.19266539999995,204.0701544,97.55401859999999,151.55479360000004,535.101028,515.565664,331.3189724,294.6655449,238.78326950000002,334.27034199999997,762.77418,584.952256,197.11555950000002,110.3730996,108.8511968,64.53312790000001,89.4243735,100.41081049999998,108.97004880000001,246.926993,201.95870240000002,84.08825039999999,62.09818400000001,86.6162646,67.5783064,80.49692950000001,71.7527759,166.9456916,170.2917726,223.16670180000003,232.431576,280.20772079999995,295.4720724,276.88523519999995,169.4664432,149.093776,276.3176328,462.8098186,250.6482132,172.83676800000003,146.30101380000002,71.1935371,125.67985430000003,122.00229649999999,125.36709499999999,95.264624,157.70985689999998,309.08669399999997,217.13180300000002,307.1533643,219.73891279999998,270.5412388,351.55403729999995,348.9789269,154.67631360000001,112.02875,149.93782090000002,204.5116944,229.8258716,139.0226024,93.6718104,161.1056716,212.734676,161.54067719999998,171.08794439999997,191.3939457,147.55517,153.59530769999998,249.39943399999999,229.5689712,156.704922,159.9605457,142.9831704,73.1413908,82.57750730000001,178.9067808,203.2010519,119.59715680000001,161.6188377,133.8641073,173.9626875,298.83193,155.4664984,82.68579550000001,130.9755888,111.2234532,65.18964199999999,91.1240407,157.80545800000002,372.4210278,299.95227400000005,337.3119492,176.44320700000003,193.6025881,176.7513543,180.26601119999998,334.91007079999997,354.37495520000004,207.54382220000002,197.9452772,155.006733,149.7884484,140.88943460000002,93.77515980000001,70.5413928,78.2196903,185.56166399999998,254.98117259999998,177.65865,206.5859432,309.5633277,342.25317490000003,179.4311682,241.75301670000005,163.85183100000003,319.583831,187.0627444,131.4273054,115.29336319999999,113.3538744,126.297434,204.4311492,136.78235,137.8728685,217.0702696,141.5827098,100.4828044,169.74908320000003,158.6079216,362.10662449999995,344.9433768,219.385656,280.5276784,207.5222028,79.63117110000002,66.45859200000001,71.4986448,80.02492960000001,90.7700794,210.0864249,215.6340515,116.487504,107.90314729999997,176.43139699999998,210.1633402,215.5899509,84.2710328,136.6193415,236.727867,151.584532,125.39948399999999,330.169399,123.55645200000001
1994,71.40264810000001,85.6897448,57.0127541,55.0073046,35.5247648,51.092963999999995,69.54543100000001,87.0683568,83.5374549,177.8121909,222.16844400000002,204.5094478,110.6438892,112.55466950000002,147.3695656,293.92283549999996,220.1913077,135.7820014,113.08449119999999,133.278229,305.6447304,254.7451201,127.54600320000002,52.4851549,53.2944384,54.55040220000001,50.5655616,121.5979722,197.6148378,271.63889280000006,297.8567781,157.4549133,133.4590508,203.622429,178.01964780000003,357.7534888,294.73941959999996,188.6863856,236.63320000000002,222.639788,164.32537499999998,298.87500420000003,267.0080625,105.43713000000001,213.4033469,160.7927447,185.3957298,167.3438325,138.4389237,131.5277548,86.5512608,74.5175844,109.248808,196.9273215,459.45589229999996,387.07639120000005,305.83984,264.9241534,143.8090962,133.14399060000002,302.94830160000004,387.20075349999996,125.00766599999999,97.0814376,166.8601324,187.8961284,340.63854159999994,452.9040365999999,305.61117509999997,170.952314,173.35128090000003,174.8338535,135.5267005,244.09085779999998,168.9576441,139.64955840000002,100.67501039999999,157.49917739999998,225.73979820000002,224.3843756,252.72878959999997,241.56387940000002,366.37435080000006,336.3765426,374.4388452,344.7082638,410.16778510000006,307.9652352,99.02505160000001,129.303094,131.02823759999998,192.97012,322.333404,250.609152,205.9184208,131.051535,118.28423399999998,158.7174095,272.6612715,164.6751093,207.326592,205.5908197,139.5762458,142.86726240000002,154.94925600000002,107.3488845,173.66245,251.78722,227.9611056,262.9189808,297.67523370000004,381.640427,380.62623040000005,128.17329180000002,223.3125622,268.3731808,390.4416044,445.2511392,201.54825,170.67458399999998,287.939124,240.5119101,196.2305969,188.0449164,127.4179543,239.73275299999997,379.02872429999996,267.4642176,113.5875484,97.98540580000001,120.37454310000003,123.90297790000001,223.37208600000002,205.8052776,228.47572799999998,394.2693885,286.4744456,156.7258053,132.33749279999998,258.130397,133.6114468,312.05244270000003,227.9223516,282.6586698,265.06500400000004,235.0476688,77.93760449999999,127.47751509999999,140.72991839999997,211.53060239999996,173.44320679999998,137.0776544,189.6066858,305.19771000000003,359.32466459999995,224.5030906,200.5715502,212.57084070000002,164.7946576,249.4330944,224.609534,163.77079999999998,152.24458800000002,105.1074285,162.3838192,273.627728,331.5814425,318.9781904,473.403288,432.5746776,329.72539240000003,221.934222,240.13926179999999,191.6999168,401.2772862,249.5517808,300.415226,326.00451519999996,220.30252169999997,167.9400629,169.58261519999996,62.0230436,65.6175488
1995,73.897912,86.7312428,15.9469869,24.279092799999997,22.285363199999995,31.0970235,52.0931942,73.2281088,97.9406018,117.3404219,108.62930669999999,83.1159142,109.8812256,112.2005496,56.632430400000004,68.7161244,113.2040864,156.11316240000002,143.952293,135.64313099999998,91.11633800000001,81.1839488,135.7393158,115.10614749999999,97.96663040000001,111.33173459999999,76.953489,66.5833742,85.753104,57.047677199999995,58.015561999999996,100.594305,65.24649600000001,78.78358599999999,183.67362359999998,160.2173584,132.36403810000002,310.7211679,307.7295746,190.4771628,173.10815,120.91966740000001,152.7965208,161.2515996,146.07356399999998,221.25892860000002,176.36962499999998,104.80047360000002,95.74170840000001,85.9208979,91.5843027,142.4911428,226.1489418,141.9695912,98.0026828,193.52970779999998,344.61513729999996,528.5748104999999,433.1209713,289.2101768,221.82462,158.28940400000002,268.37963080000003,131.80766880000002,166.09481,221.90259120000002,226.5618105,142.4142059,166.74312239999998,207.480805,303.8821213,293.1650415,261.116076,334.44418920000004,292.9547712,276.41537159999996,214.8274992,382.78050310000003,336.92295679999995,178.867596,169.7227742,164.2399406,150.69187,292.8901014,277.5635216,244.1416248,234.08185800000004,256.95773249999996,204.42396839999998,233.9193619,220.946462,135.5216226,142.2480147,130.0087044,110.4984328,110.67529199999998,90.0307576,114.18492479999999,164.84144039999998,222.796615,210.0946311,169.1323832,195.4688715,194.6580875,263.8990519,144.70027679999998,219.03498240000005,170.1106806,195.63265439999998,236.28220459999997,258.0670632,196.09439400000002,175.7109839,103.19383549999999,113.88118949999999,264.1848573,265.35363,285.9901317,220.886226,165.993216,157.71042559999998,173.46153239999998,224.9494992,208.12061010000002,289.6872788,376.6532561,281.97823200000005,91.723041,97.01250619999999,396.490978,322.88710299999997,227.99049600000004,84.55851580000001,83.4595124,81.51670079999998,110.41373320000001,152.69173039999998,193.454144,169.4449465,244.90061999999998,254.94731520000002,176.7207953,85.0856391,102.83162959999999,225.2047113,165.449206,155.55064199999998,218.9888244,117.84113880000001,177.955431,146.78085000000002,177.39367000000001,232.35781039999998,220.5832977,299.3969646,177.75841720000003,237.00681019999996,320.050048,124.65600950000001,278.1795094,280.3996752,355.2401934,347.5747484,336.9614292,308.3116036,214.20061300000003,109.146408,187.23620680000002,136.81042200000002,98.42313,74.4296732,50.9298363,85.0730496,210.4246872,166.7858742,205.10714700000003,290.0814134,243.06174800000002,245.360556,300.72633,245.6948852,99.81765490000001,51.81584659999999
1996,35.8458464,66.839568,52.39640250000001,84.30126719999998,170.315033,198.29490660000002,189.4703444,79.60963679999999,92.25384550000001,58.780082400000005,48.28249650000001,50.010032,63.8640688,72.7492355,100.34594359999998,104.6611536,86.46629060000001,63.1884368,67.099345,65.7384,43.7751279,55.709588999999994,188.33134600000002,148.949968,94.3506672,118.28259479999998,83.07043250000001,83.2539426,108.5067964,56.7207999,95.41986000000001,94.488633,58.8950752,56.206458000000005,103.46788,55.255092,40.7702049,38.6083796,31.97635,48.074524100000005,96.26222119999998,93.653924,105.48890139999999,66.5887145,71.28211680000001,153.333203,187.2048504,162.8315038,121.16363350000002,113.71052380000002,74.6378829,137.422033,101.41076469999999,171.74791679999998,353.13418690000003,261.7551216,179.26795529999998,163.001736,137.0781334,245.7909576,192.435591,123.43356510000001,109.0650656,157.5131194,288.28843159999997,215.5693672,182.84591700000001,170.94190749999999,253.04722560000002,216.65921939999996,208.08721799999995,294.36333959999996,372.67241700000005,172.1725628,181.00698420000003,237.0968469,319.491848,367.129584,320.892355,224.62646039999998,191.79977140000003,175.9688028,157.84548660000004,144.96733049999997,117.8419704,119.12200140000002,190.8891257,217.25599,337.289635,269.379569,279.5495151,225.0531888,286.42560499999996,279.7788981,253.4890559,306.02653200000003,188.05411180000002,168.40345280000003,213.56649600000003,391.1423406,363.1966115999999,300.61376800000005,195.1385412,173.4129298,92.6295604,108.17198240000002,144.55212749999998,197.79964040000004,344.76737130000004,328.01948760000005,177.61991510000001,178.373659,192.52317760000003,133.623477,149.4605778,174.0869777,79.4735388,123.27568400000001,236.75131050000002,294.2027198,405.25132440000004,351.8179912,331.771843,338.9225776,278.3989934,218.38474680000002,240.194304,250.06440320000002,134.7626528,215.4061672,253.76345279999995,358.3526996,266.16258969999996,235.12433280000002,212.897052,192.01834850000003,174.707982,220.47080159999996,183.15375099999997,179.45503109999999,168.3482955,225.86432399999998,203.73083300000002,268.41303840000006,266.577408,223.554513,291.2991808,324.9597855,304.8157824,668.0582479999999,764.4520253999999,510.1765845,461.3230244,229.7402076,221.2687664,143.297324,81.5776125,150.7235928,100.0656829,81.51230360000001,48.351811000000005,80.040822,265.4658985,315.3292434,426.42461330000003,325.8003028,338.59728299999995,297.83206199999995,298.79658000000006,237.73986,180.64402560000002,99.46831089999999,154.6152437,61.82718560000001,178.8566319,161.1132962,172.76098,79.0378286,230.16755759999998,170.06494969999997,72.9519252,52.876142,31.4238336
1997,104.3074112,189.434405,146.8964576,47.711895000000005,24.197378399999998,15.7118164,24.040473600000002,45.987452,40.675131,61.5696312,63.2773162,73.6227079,144.69117,76.9087104,210.49317759999997,269.3807076,230.2851788,150.2198596,111.68931330000001,167.0431152,213.978835,53.3263224,47.49993419999999,62.370599199999994,56.762937,278.9566648,205.6815904,79.8319543,35.475968,38.269917,73.34102159999999,117.96351680000001,189.72084059999997,134.9063556,123.68312599999999,164.4382232,134.65993980000002,200.9711808,241.5579259,106.03868800000001,190.15412110000003,273.8981931,102.08452619999998,234.5782584,375.37438960000003,174.5402035,132.2255424,69.4967706,72.5339664,59.6672536,73.66546699999999,47.31765779999999,83.7231447,114.0901776,129.35367870000002,117.2060026,118.9544733,180.48567599999998,150.2699833,276.4077174,332.69565420000004,242.7144498,240.070851,258.37710430000004,363.24771599999997,470.18827799999997,208.60857479999999,175.13244899999998,274.814928,276.63189120000004,286.68185,219.27522839999997,219.41275499999998,244.03317760000002,248.8848237,207.31551800000003,195.3390365,185.32608840000003,332.10920400000003,221.71307380000002,199.31236710000002,142.03889999999998,148.1035023,158.4907488,203.6969032,171.3299692,205.32920239999996,208.17030000000003,73.7178148,65.46991349999999,105.2481515,129.17387150000002,199.6119784,206.88494399999996,210.96528600000002,244.499151,232.64852100000002,282.4814543,266.117943,114.0726044,158.9093788,312.76881000000003,190.9020253,223.79686,381.62832749999995,347.3570142,257.8240493,239.627808,257.36893119999996,330.53785750000003,303.8627088,419.37893369999995,440.730265,237.4340634,203.52601620000002,161.653079,178.73956500000003,129.6779715,244.80292350000005,347.6914176,345.3663936,500.0366072000001,254.7842882,216.90495960000004,89.4098125,129.5408481,236.77862879999998,312.06431139999995,506.1587748,361.1146188,174.33956100000003,304.17417,147.39608070000003,304.66353150000003,317.5492699,313.2343088,337.624416,101.5824194,88.698573,100.2399673,163.61868959999998,164.48569679999997,318.75041699999997,261.006615,242.12004000000002,172.5051384,156.7565996,305.61463139999995,360.8687918,169.4629088,241.96142600000002,203.2451664,78.5092014,264.2478194,425.50638159999994,201.36578880000002,278.72190500000005,165.53138980000003,276.2128695,248.65088999999998,207.3076434,238.6576166,210.31134200000002,178.105994,202.90234410000002,171.030296,94.9963686,158.86322370000002,111.47296440000001,82.30970799999999,66.2143104,171.5126454,255.58591799999996,214.7844168,348.3496296,399.6536775000001,453.79059119999994,326.3890928,441.83054329999993,302.88384,188.75216580000003,180.10612079999999,135.41614499999997
1998,65.8126656,136.40101320000002,114.21891520000001,112.122565,177.8882562,178.3439136,176.22180699999998,133.61879960000002,135.6454167,51.1650821,89.976898,59.9593459,40.846199999999996,116.43160320000001,210.3896592,127.0852864,111.4059271,185.56033079999997,257.486495,216.257019,206.4889255,195.29355750000002,254.52631530000002,200.56333500000002,153.906012,358.30234540000004,246.67285280000002,246.63215759999997,283.71432960000004,129.68372230000003,304.3438706,476.23908500000005,294.08893880000005,215.69530559999998,210.38599379999997,265.9592668,335.0396361,194.80366260000002,255.243436,177.04253280000003,148.3727385,124.79624639999999,136.074818,149.6401496,141.9828256,141.2490881,126.0430278,101.5445693,127.27971000000001,140.9353526,166.35481199999998,156.0087948,331.2454365,401.43723069999993,216.8470264,181.6775168,212.72945199999995,112.688693,169.16516750000002,138.5819325,150.0100128,123.5341206,88.53761960000001,92.860526,64.4319728,111.23002800000002,122.72345129999998,228.3681995,340.74491739999996,442.7812506,267.42929399999997,362.68486470000005,183.27544010000003,175.6536625,126.84508650000001,146.04139440000003,113.5303596,109.68400410000001,139.0188288,186.0560218,195.82632719999998,170.422436,289.74963849999995,314.7651475,305.48834000000005,249.35706399999998,341.76366629999995,294.6894984,355.3291224,283.5437238,309.3750305,241.60974059999998,219.41543420000002,253.3618506,296.56973619999997,206.86034429999998,243.43952160000003,259.9259496,155.12413440000003,151.2507834,246.1883152,264.92170139999996,448.7853627,380.6212251,255.66263640000003,137.839104,178.12086109999996,382.5565855,343.2470856,178.0556806,278.1490064,138.7805706,148.71032399999999,331.46795199999997,383.68804500000005,406.88824040000003,407.855847,301.44431899999995,176.0544135,244.85941160000002,383.88108150000005,387.9632269,189.23404079999997,190.840639,352.8904523,546.752692,660.1212092,551.7884762,330.29003400000005,236.03061459999998,322.624964,276.9705884,307.44827999999995,345.11973600000005,324.5444391,214.4901402,200.13161850000003,128.72618870000002,239.38409000000001,251.4296982,315.767808,186.6549177,308.49364740000004,181.55016000000003,139.38900719999998,196.01472,208.61685549999999,211.43184399999998,274.110494,289.9091762,367.3274712,414.8011539,251.5077508,222.90275299999996,326.30516559999995,292.6549575,170.8541541,154.98496209999996,240.42643199999998,514.6500771000001,273.3452845,119.689493,151.51472439999998,261.18272640000004,237.81485179999999,313.87350960000003,116.73172499999998,109.19641999999999,121.1895,125.74610620000001,92.0174202,76.75098179999999,156.59015100000002,198.3609966,173.4923045,134.7160606,118.9661664,101.57246479999999,180.8820972,147.9196729,90.57327240000001,130.85435999999999,82.43471339999999
1999,126.50396399999998,250.16074020000002,195.9466782,77.53834979999999,43.74012450000001,75.66333,96.2451732,137.28788839999999,58.3233032,62.141364,225.22900410000003,224.0738677,127.2066762,107.78180219999999,85.903825,92.3146427,136.846668,150.9795279,119.90975749999998,59.693784799999996,135.8625488,239.7627666,330.8259509999999,356.409762,525.9017856,135.0324705,83.02861680000001,44.653665399999994,69.1242633,79.82653800000001,125.38582159999999,131.3525297,139.7450232,110.471966,77.4600512,177.76698000000002,179.9389838,162.95508900000002,137.5344958,108.64492800000001,96.185475,107.70220479999999,101.7776664,208.0556898,178.30551999999997,86.5453336,104.4198866,109.4260208,63.41429860000001,122.05572300000001,157.16374779999998,207.685012,211.3216335,550.1158338,523.8935637,283.0429276,253.21756979999998,211.7092362,92.6231175,223.84290319999997,187.2581216,124.6579905,204.09057040000002,279.67485839999995,224.4242437,224.04618580000002,224.93037840000002,195.08311419999998,73.1372838,134.20828179999998,106.878458,131.04685439999997,109.098675,118.4567824,149.5235336,385.55868780000003,390.5563571,379.38124510000006,404.69733370000006,325.55638519999997,266.4357519999999,149.8166163,293.9525316,254.026647,132.6230712,71.07854739999999,89.9208162,153.2657118,172.05928780000002,110.84816049999999,62.1368916,108.4730568,223.189746,162.893226,160.3779903,130.3681776,193.6414838,238.1442448,259.7434356,259.5600273,313.1324068,154.1389728,349.777923,316.2912263,220.92141940000002,141.7787475,166.4372945,266.168064,292.317795,319.763664,212.7927672,393.674346,406.4360118,262.3076153,79.106706,179.08464209999997,181.21812240000003,250.34813459999995,274.6154727,315.7256132,267.27371059999996,118.42411200000001,103.50380430000001,185.3739108,295.8411104,284.780776,339.8170665,253.0630609,241.69848779999998,249.66518080000003,177.876667,102.1582044,87.3132416,101.71618340000002,257.061403,310.7805696,231.34625760000003,231.57789750000003,273.2435202,375.18344160000004,226.5289404,216.334426,154.34964480000002,278.8351226,224.88238170000002,364.3592099,405.20564320000005,300.6696024,194.06574,431.26142289999996,508.21822,294.32616459999997,166.5380112,102.83639070000001,148.7074704,175.23144979999998,308.8120632,229.7264839,202.22221720000002,140.75664,111.94028599999999,289.7878452,218.82859000000002,142.8298068,92.673365,112.582147,224.28268199999997,222.61323510000003,211.3846808,212.5098915,115.83785639999999,237.0235008,288.1672173,208.7544574,276.1035291,272.2778838,178.9588416,147.4896995,97.39580839999999,123.92967300000001,124.63266200000001,164.9113572,45.2139219
2000,144.3592023,114.53345869999998,119.8514304,135.51852540000002,38.35499049999999,27.262529999999998,43.7397657,33.847001999999996,29.898379,55.6679448,54.155556000000004,43.594471899999995,24.870445600000004,42.0596487,48.7326014,65.4821168,74.92115369999999,237.6073536,266.38886249999996,181.6644416,299.05241920000003,474.894702,216.7219956,128.2881615,101.19043830000001,87.444793,339.43413140000007,360.8454258,180.37545819999997,258.01219619999995,188.4400558,232.502886,129.875659,202.50767359999998,102.3101442,69.9414282,71.5154722,70.5821952,82.068534,80.30572500000001,97.60618499999998,88.1446005,127.84435060000001,158.52247949999997,151.1695248,61.214405199999995,76.7620378,117.1867069,271.57951330000003,234.64387499999998,142.7899455,184.330762,166.71864999999997,106.98917879999999,83.4682261,69.4384145,127.58244660000001,113.4859488,133.75553,181.3512456,151.8828813,104.9261688,159.124848,127.11669789999999,263.9425421,171.07785180000002,184.33189800000002,49.799690999999996,120.93752129999999,165.8014854,152.4464928,153.94799999999998,77.16702,93.69449850000001,116.85991379999999,162.4532217,160.7150088,282.34226699999994,358.1820026,293.2479648,253.42775120000002,192.89739120000002,184.3939824,163.2216413,195.7165451,153.9669245,99.72400769999999,130.2288597,143.7739578,169.02342339999998,116.473035,217.22929530000002,197.7455816,228.94081140000003,300.96299999999997,207.7942557,161.587222,126.2364252,152.43701970000004,228.4773544,228.10809299999997,201.5700192,154.08966660000002,357.25764239999995,373.2276609,264.2116782,180.99598319999998,160.67589999999998,145.19704240000002,185.9212728,294.332259,322.76908649999996,161.550796,262.985541,173.22416099999998,162.13991129999997,189.1973877,261.219662,312.6774096,312.51416,374.65277960000003,186.7005045,286.7703454,215.48718599999995,170.6473668,174.8243387,154.7987112,238.8257045,195.14542079999998,207.36778199999998,163.05480310000002,220.50609060000002,104.4917344,185.4680952,197.56511769999997,167.6251421,222.58379119999998,155.53621160000003,256.143684,427.34396879999997,310.2393688,261.8090742,230.95911149999998,350.39358179999994,258.1387295,229.55168559999998,326.754125,255.89186519999998,255.9603228,162.271041,65.0218646,71.4182454,114.57969259999999,230.21293980000002,216.70229880000002,176.3337907,137.7213926,275.99999,237.7416423,316.8667579,178.9986268,134.1243288,148.8149537,157.6018052,174.92241439999998,150.65902400000002,385.5082168,312.0342272,147.9274361,274.6949146,305.90531010000007,166.937553,101.5636678,64.3761795,126.6021792,252.53079800000003,237.685956,96.7243882,64.18562800000001,89.9783712,210.51049079999999,228.749136,215.71329120000001
2001,117.3834226,78.3969056,71.72351520000001,135.4816309,166.24659379999997,114.23133980000001,75.1154304,59.162740400000004,57.8645838,84.1902285,57.7375797,84.9601998,94.8715326,60.302483499999994,85.336484,231.67331559999997,247.68937759999997,164.58269040000002,97.15451960000001,52.62646240000001,63.02252879999999,61.7981484,124.84333000000002,207.6410415,288.18261870000003,170.54819460000002,295.9219375,307.000512,256.87670199999997,195.98037000000002,112.0429152,120.94135830000002,289.95464219999997,271.57001940000004,237.294252,194.28336270000003,113.3941423,133.09099679999997,114.18384960000002,99.348339,91.16389910000001,378.8144799,416.4740498,147.9529403,133.206882,172.736762,180.7768137,162.82406699999999,137.85241800000003,98.20857199999998,105.05111070000001,147.3864598,375.94125,278.8637415,174.234192,181.2879432,301.7485737,477.9599837999999,362.32451879999996,187.43536859999998,107.22235260000001,260.09635499999996,369.080376,256.28955030000003,273.43097100000006,343.6619637,291.7862697,187.76182799999998,126.59784140000001,138.46767749999998,179.77034949999998,151.2828736,127.040306,87.8148491,161.3073532,161.301868,92.621556,119.8088192,120.1196748,158.4211284,378.736722,311.4379623,215.7150753,161.0022676,132.7656096,109.7251015,98.58341759999999,236.6099502,228.04660169999997,148.6701227,182.79060449999997,257.3424512,167.45599919999998,165.36015400000002,348.3439284,297.3952446,313.27551750000003,223.06737199999998,296.54980370000004,261.853878,510.6215213999999,438.033084,250.88329780000004,254.96540879999998,193.40823369999998,239.12038620000004,348.0353814,284.9125167,273.21639279999994,205.72320150000002,109.87525449999998,243.91139040000004,159.76829139999998,179.43628249999998,231.9314575,262.2000028,229.9160193,173.407857,243.0279384,409.880688,352.153494,197.38985520000003,228.6052498,251.65994880000002,226.2407274,217.44566019999996,301.337568,336.1140793,256.0716718,148.14501520000002,263.45868640000003,266.1628816,118.18896000000001,385.5187809,369.2546802,290.9690952,291.5165352,316.797078,292.77565459999994,372.6828935,416.43651800000004,292.27121569999997,161.5586096,305.74350240000007,325.55922749999996,277.25312640000004,307.1531165,315.047265,187.55904859999998,411.4996256,173.15102120000003,258.9837472,442.99681799999996,303.7280345,288.9349668,275.1720897,250.36020750000003,133.763754,188.22961,227.60031750000002,297.94436959999996,144.8647992,73.57247479999998,56.649527199999994,145.22007520000003,263.39313,281.5583868,365.66474700000003,188.6485563,212.65549199999998,174.01432099999997,68.9815552,93.43644,81.62723299999999,232.1837395,351.9697560000001,281.5328796,285.1365108,462.44271449999997,233.67387000000002,122.862537,260.0450896,308.12045950000004
2002,19.054542,17.4967968,26.2342674,17.931623400000003,31.182178499999996,38.087711199999994,23.4144411,34.1862417,67.411254,163.08888389999998,193.92496529999997,220.7373236,108.343137,70.3053351,44.7529899,32.137114499999996,51.104653400000004,54.622443600000004,156.13166099999998,249.27473229999998,190.0600704,115.2784806,30.266484000000002,50.8157112,105.95040589999999,87.80407320000002,132.74467009999998,81.18316,90.0591868,56.70774479999999,163.9781067,177.9528017,40.6669228,74.14013430000001,76.03821269999999,66.94366219999999,64.5047525,157.784531,96.29544599999998,160.4908524,99.43984990000001,202.4291444,238.30921,149.1456252,150.0575568,338.44137279999995,339.20109600000006,406.3706292,240.8467559,222.065874,150.06211349999998,96.777351,77.0444932,94.4650092,90.2504916,396.13486439999997,162.2947459,321.97269420000003,323.0597877,203.164377,206.4950958,101.721312,128.0867025,128.7624085,176.3748434,279.3317434,197.1399072,148.9807587,164.32490610000002,200.72046540000002,199.070235,197.74994199999998,268.59584800000005,225.64711749999998,97.14733360000001,141.14340579999998,165.0980746,148.3413888,123.41955599999999,159.5785506,232.47275760000002,260.7849594,553.1586256,735.3978945,304.7329269,389.418676,360.4394914999999,416.2819495,200.6058452,188.9008906,327.839822,265.1460288,88.2672615,217.962172,314.4093792,279.4438017,329.1056184,220.666026,541.2954939,429.9320868,458.85148,354.7341589,361.07556,315.43967399999997,419.71203649999995,286.724448,174.5707194,250.382957,205.84350599999996,134.790552,451.7999478,376.05764980000004,308.71386,273.8639087,222.09913390000003,286.41147370000004,239.43398950000002,208.1090316,283.4583168,203.503813,218.1559899,210.98683100000002,135.2477045,77.49255249999999,75.612132,105.896071,215.54407500000002,225.65897439999998,227.18017079999996,249.51417139999998,279.76475519999997,252.4868352,213.47244,170.4190215,285.0998124,273.8519706,168.8878443,151.3110032,85.885392,190.049783,252.2500992,125.01950819999999,319.5932068,394.14979919999996,519.3321482,444.19223459999995,293.617694,311.50983640000004,216.45347579999998,437.48519339999996,408.1547532,244.9286217,235.49569359999998,232.049048,217.69952500000002,171.57055400000002,134.9195344,133.28240720000002,75.30411350000001,168.99264119999998,176.86267199999998,218.993625,334.2648573,206.61564,133.24114649999999,142.798608,372.13196159999995,358.67219509999995,293.6867236,237.39477999999997,162.6165184,189.8481586,201.41611199999997,144.0336354,100.983672,99.30346109999999,64.405638,78.5986311,39.4434072,118.57248200000002,272.09160080000004,100.922301,80.11506460000001
2003,36.400585799999995,73.0710811,55.10288960000001,44.8322994,49.4389808,67.6425708,138.0666924,194.2523286,167.7176296,114.957385,127.7849422,90.9686162,83.63295160000001,55.180875,101.83486920000001,143.54927439999997,188.1258445,122.26590809999999,105.8975775,143.27993379999998,228.0093291,249.2298601,246.6216225,123.3937512,98.0216904,91.3574592,91.11660900000001,73.47260250000001,146.6810627,125.47737,329.1426316,95.40861360000001,65.13877919999999,46.5419475,62.39110800000001,65.7405639,118.36364399999998,131.53009360000001,91.25748949999999,203.81077860000002,357.75299199999995,433.5053395,306.38460599999996,203.5879846,202.92596079999998,100.07297160000002,109.96550239999999,99.5467824,92.6640873,60.7651128,169.17328249999997,244.59817999999999,322.3956056,530.5787296999999,395.2023769,327.0022848,195.9521099,201.35529259999996,166.952337,111.39679500000001,239.2891528,218.5124045,251.925129,270.85076639999994,198.44619300000002,184.9106847,178.5266288,178.81925199999998,204.61413480000002,122.09469839999998,160.321212,144.4818474,200.24669279999998,161.375046,170.0986,236.01485950000003,270.96842200000003,257.3268808,686.6626130000001,451.4147955,260.407148,243.7760556,139.64554,184.0912409,149.79657000000003,255.94014419999996,193.8743496,250.37714430000003,230.37896519999998,197.9986496,287.396529,276.9981732,187.9669848,202.6766214,161.8091328,175.61602140000002,182.2310385,180.9142824,261.7040477,287.8057592,308.887458,316.0102914,289.6265152,196.85703490000003,291.8071737,240.5160408,476.11031040000006,395.64582929999995,415.43584,225.55045819999998,137.10602340000003,201.8920669,278.037087,195.6735456,208.59109700000002,168.1227315,278.7395148,301.83027059999995,250.4385023,322.016416,219.076926,279.6008833,576.2650656,368.306325,230.2507848,293.4318882,289.104624,359.84314800000004,164.8620992,87.25707919999999,193.95745920000002,304.6750368,134.7668961,213.15177479999997,378.6200136,467.8975652,359.96076000000005,475.37466149999995,401.43130709999997,400.4731176,337.31979949999993,193.6491234,166.531336,278.0673552,325.61411999999996,263.6596431,229.9677738,87.70273199999998,148.6639256,136.005561,154.4639976,180.1108338,282.1036288,278.4567414,247.10727839999998,493.0204662,240.88348399999998,168.6381632,223.534088,463.38170299999996,378.98719889999995,308.22297100000003,282.91445,193.90500360000001,179.3830784,148.73837310000002,242.28478890000002,130.39200019999998,54.891335399999996,58.25195000000001,113.7509874,176.3596479,105.77399999999999,100.4443627,199.76998799999998,220.48690560000003,160.87688200000002,200.27958,119.2082184,112.41909779999999,75.1279859,63.92982,83.8413656
2004,86.64552359999999,117.27787570000001,346.4283683,258.6346413,163.99121620000003,104.1911884,77.1719193,55.655863999999994,56.328394499999995,149.1075075,138.8838945,121.42830000000001,47.870768,45.4663644,25.854854299999996,61.3407432,79.6390731,136.9838547,144.03351600000002,41.9981224,74.9352712,121.89685169999998,268.3711562,199.55378239999996,117.56607720000001,219.942974,184.0578208,107.69086899999999,88.8523323,94.7615823,249.9473987,297.351616,88.5374336,89.486901,32.9957024,57.71995999999999,83.128206,146.5479064,70.5498912,76.7200387,66.5698263,60.54136100000001,43.25349599999999,34.366334200000004,52.830965600000006,102.11912129999999,306.7405452,270.75217680000003,107.231742,69.09119359999998,146.777193,91.90878400000001,59.81088200000001,98.6168736,174.79996799999998,183.93615,159.43840079999998,224.17990440000003,178.37683140000001,158.8046634,105.34854879999999,170.23294529999998,187.28254849999996,231.4648146,201.5303082,404.47076079999994,291.1885254,167.3152887,181.21968879999997,322.700016,309.507882,230.2732936,126.2133873,78.39000840000001,107.06804679999999,168.632985,150.7476748,112.0005355,125.92597230000001,394.4865744,231.47371800000005,168.87425280000002,130.473739,120.34665089999999,143.393868,217.04414999999997,216.10925,214.80700929999998,294.9031062,174.7422963,175.62825299999997,319.2337995,250.3820044,241.9806582,172.7931485,324.31838400000004,285.34773759999996,224.77967550000002,302.0825618,210.69311820000004,217.7194313,241.2645831,170.4073875,178.84531360000003,155.69605400000003,153.3019512,199.1066441,460.750192,405.9923616,245.6827832,264.17885240000004,195.43370000000002,76.08297600000002,242.8365692,359.81084699999997,374.295467,331.4844,378.713814,134.1527072,239.14759399999997,244.95566199999996,169.967115,138.7725352,173.65186799999998,366.483927,406.72309409999997,249.41843999999998,264.093291,146.4730488,115.18947999999999,147.8703188,303.29953680000006,214.80979380000002,332.8544778,330.8980452,263.37525080000006,196.06496760000002,140.11911,297.69856080000005,243.423833,164.76402069999997,150.96546850000001,173.5160025,81.5271561,103.0114494,87.5507952,102.9100655,56.85986649999999,94.71877099999999,196.0701268,112.49435340000001,113.44444380000002,87.2323952,181.8793476,227.56663,117.42430159999998,140.3220983,275.512062,74.5107096,79.1415705,66.325329,56.7678305,95.5837314,166.71956269999998,166.73525460000002,180.6572212,138.9762875,135.9931032,103.8203649,95.5740499,171.6439248,185.6686225,99.492484,314.62746000000004,264.391725,198.05048019999998,341.24268639999997,238.53060299999999,162.3716946,417.8512364,269.51726560000003,116.05832160000001,135.1225582
2005,212.6106978,170.9480388,183.70905279999997,147.4902221,140.4351276,227.63157009999998,280.0730374,235.9943546,129.566456,109.1972748,218.48794560000002,112.65688220000003,126.5275489,131.375844,188.9619138,156.22768599999998,148.6179032,85.0385934,229.4971809,304.6691514,263.3508605,499.5549152,152.5794963,132.716562,209.6010099,93.098808,50.802608,56.194707,49.8671416,44.829985900000004,65.9055292,77.60185960000001,205.57310999999999,117.47766419999999,138.1901235,170.8289946,136.4649168,90.196504,206.075076,116.85843620000001,261.879587,162.5095233,138.211632,289.201525,292.625547,272.88450180000007,346.50802400000003,286.05173759999997,137.0396125,166.71347219999998,156.2326942,150.317856,103.91314890000001,98.24950729999999,103.1582712,107.035968,123.72240790000001,180.68883459999998,353.011545,459.6480855,422.98069040000007,318.3695478,256.3542399,183.1921436,142.1361776,224.86271430000002,199.983336,163.52329759999998,194.9693212,267.526429,173.9769063,131.8018845,147.4628064,294.44342620000003,145.6745808,229.61518020000003,202.597317,130.3762789,148.17082999999997,219.037599,240.83815339999995,342.439128,302.2790165,180.9353425,197.43758300000002,142.74913170000002,105.4269518,117.9899049,118.5023665,114.43593520000002,115.26596210000001,143.73541250000002,152.69717459999998,167.1757856,253.33684350000001,300.14718960000005,311.3651268,293.91772199999997,463.5452232,356.17796100000004,326.26881599999996,178.60835840000001,222.0954376,278.8183552,285.022656,241.2356348,263.31402230000003,221.934384,326.445228,284.32660749999997,112.30308040000001,159.7279215,255.7084422,307.18621620000005,133.59147359999997,173.81166000000002,66.98714580000001,189.3907566,241.93946039999997,231.1098231,282.7009548,197.49969159999998,494.2364762,278.6994218,383.07628439999996,351.37484199999994,296.65835100000004,290.619706,240.2663958,159.49362000000002,118.99662840000002,235.34192249999998,236.8110155,180.6450828,198.8307915,191.0587775,113.84863200000001,64.62809279999999,152.48880400000002,178.8560176,114.79232160000001,263.9096768,362.1278493,290.06127999999995,121.36671179999999,159.81966200000002,143.0600547,348.852396,348.4983228,346.866795,372.99702510000003,198.32135399999999,119.64108000000002,118.933312,194.311364,197.0060721,178.30196249999997,127.84587839999998,156.92556539999998,197.73529380000002,236.968647,157.7823126,156.8409138,77.8153113,168.009772,95.586867,61.0317185,53.237722500000004,135.2012617,174.30358040000002,207.05554199999997,205.4952069,191.5463427,38.503324799999994,73.259013,100.047293,142.7546466,196.0927722,146.0262672,89.95050810000001,209.1553686,247.25128640000003,124.69054499999999
2006,55.4670556,109.511979,192.64250950000002,123.1008295,171.07322570000002,146.52496,177.7985286,141.7475982,163.467251,149.0956144,98.2226809,169.15188200000003,195.67603839999998,179.5512855,151.6045426,94.346042,122.1755318,226.41544799999997,390.2293391999999,373.5827356,274.67336339999997,100.2054144,188.6655888,404.50644,445.08521070000006,311.72284,171.63826880000002,418.2922614,265.6875576,123.44906499999999,173.530528,132.353316,154.175403,268.6471788,251.5601543,166.3950519,217.0886175,86.24883190000001,46.623363000000005,53.4822669,145.32650729999997,204.08463410000002,175.8898872,84.63810240000001,212.37731529999996,238.2859704,341.6856912,283.475752,204.19839,160.03562639999998,280.6188441,297.75389490000003,175.163328,145.1447844,74.78851709999999,75.9707338,57.232747,97.39403360000001,188.52799419999997,185.01636,150.49000199999998,288.41628270000007,307.7311839,541.388001,411.36336670000003,239.61438840000002,123.56905589999998,168.77742560000002,192.850008,128.5858665,111.42882300000001,130.8437752,167.0495037,306.53697220000004,449.4887418,211.0534438,195.6859872,226.96665090000002,179.45116320000002,160.20379060000002,218.7701769,212.1306187,206.70999319999999,152.511165,309.7384974,276.29906040000003,314.93834360000005,459.0887288,490.89271499999995,419.53709999999995,302.1183559,247.28111579999998,122.30430120000001,202.4600688,239.20731999999998,456.69581999999997,285.71970600000003,350.87238759999997,330.646169,281.0468717,370.50734880000005,281.1864685,216.836613,199.4719892,257.86879500000003,213.7342424,281.5264515,230.580976,199.2273165,166.8156926,233.8624161,330.483006,369.90964570000006,313.20685480000003,258.26863269999996,248.86813020000002,157.856616,88.7776977,101.4517064,184.4883603,141.33737999999997,214.5124872,147.3383054,100.00230800000001,152.10442519999998,113.64409939999999,114.46548999999999,148.86395,213.6928505,362.720583,304.392,272.785815,116.3699421,145.69293420000002,173.393187,205.18846050000005,241.9520961,257.2648196,170.1660474,286.6516928,233.154082,203.52119899999997,268.0257216,333.7145507,250.01892179999996,275.88431499999996,243.04760099999996,282.4402776,193.5413718,457.34600240000003,219.93930600000002,224.76330319999997,162.63478880000002,224.09307149999998,394.2988335,275.96879270000005,226.98614999999998,291.8550935,315.549576,136.6143031,327.76903940000005,349.97932199999997,335.92837679999997,270.6057744,137.77615319999998,189.24579340000003,155.06393100000003,103.8763758,119.54250080000001,119.49472739999999,81.204276,78.679209,71.95274140000001,99.88954559999999,115.358607,221.36416200000002,228.1122508,76.44700999999999,123.11650659999998,194.23068,255.6319375,233.37221040000003,126.06569850000001
2007,55.713634199999994,25.316107300000002,21.868944900000002,23.640271199999997,31.235610000000005,79.1818007,125.52923209999999,120.32718080000001,116.71538879999999,108.0840204,150.25084800000002,169.86327500000002,229.98507080000002,276.46549350000004,163.28200950000002,231.5630586,110.5477572,130.8440238,134.17879939999997,107.4011772,79.6459824,96.5226548,140.27716499999997,233.9196065,205.06506539999998,156.08098969999998,176.1895487,114.55033500000002,147.2884672,175.0158679,131.2353472,133.5920292,143.6516106,303.160001,214.3867833,248.4817587,261.00309360000006,140.87602800000002,110.47777399999998,98.344569,244.62720899999997,205.56660929999998,229.3774038,131.1687893,219.3409016,384.4755168000001,132.759544,59.2252875,127.63936,120.39489259999999,85.90101890000001,148.7746053,114.60018240000001,124.58286260000001,243.69701600000002,408.7495821,292.96983500000005,165.9726814,223.83191,409.72196099999996,450.3345154,275.0955384,246.30161020000003,275.2376934,219.4430812,233.86460720000002,196.82579700000002,180.732462,117.13626560000003,75.9845034,174.0924066,207.13772260000002,131.24950710000002,206.73146479999997,124.84244610000002,154.9101336,114.3525504,144.41152699999998,113.1985006,133.2448422,135.471064,175.3096356,172.5785721,136.61198100000001,92.8748464,272.4666204,140.9783296,216.70982850000001,290.1304,369.253549,410.0823936,468.2793376,245.592825,266.8371132,226.37014230000005,248.59355559999997,289.6360264,103.29485959999998,101.52560399999999,134.1125442,128.33170239999998,151.02884999999998,401.9709024,393.9119189,272.01416059999997,206.11352499999998,208.965042,155.6731332,493.34999320000003,613.9060979999999,372.39725599999997,306.8232759,290.6420382,260.2375878,487.9103908,306.8817565,200.69919099999998,250.01537210000004,151.6766625,138.187,357.793884,195.9900612,308.5796952,209.07933299999996,196.22104919999995,246.37392000000003,153.28673999999998,337.5249136,379.9072584,257.62485,77.0124042,89.7400738,94.41546240000001,95.7347146,106.19141269999999,150.21007649999999,111.97978,133.50299130000002,149.2170426,258.89050000000003,283.4901632,207.59385520000004,370.0290076,222.877402,70.89195,111.4863167,106.5238974,86.35634280000001,97.36003199999999,137.0633733,132.62905980000002,265.9617076,217.5605222,116.0923662,122.92805069999999,163.2319202,280.07399749999996,217.81495589999997,79.89169919999999,101.06210010000002,88.13740649999998,252.223543,180.3286464,255.8340579,166.0930548,136.87826040000002,250.81507199999996,265.68048550000003,183.29728559999998,176.14707759999996,109.1404404,104.508558,167.1190147,121.87777620000001,123.64043579999999,84.4119825,161.30120820000002,202.7446884,170.1481472,197.0486154,194.8785356,84.25045800000001,124.25348879999999
2008,74.57008400000001,78.91829320000001,38.3704064,19.777412700000003,37.6789812,55.528892000000006,78.27065999999999,99.3147012,78.5197952,60.6470215,70.1456312,142.680741,291.347762,169.6880712,80.20224540000001,61.806399600000006,170.944903,33.5744594,29.413404999999997,42.661698,47.600483399999995,57.7217844,36.081104599999996,25.924498599999996,49.5635184,118.9893696,107.97819340000001,201.36716929999997,293.9114356,205.71783980000004,188.4280728,169.600101,157.916666,102.15362110000002,132.73875899999996,133.3174388,135.3203678,96.61655879999999,110.62016700000001,169.08212919999997,125.74432080000003,115.06141439999999,156.51464810000002,208.943985,352.30596499999996,364.93608,325.7198464,267.3714856,136.40319440000002,203.89632479999997,226.2990752,141.67905599999997,309.39118229999997,181.3525168,176.37665049999998,309.47441580000003,333.26378730000005,343.6505748,240.4790204,203.21895999999998,177.3565587,181.502532,274.94149480000004,298.931396,266.7737345,336.7339365,380.3695384,197.2876181,204.0392208,156.9561062,129.6742014,218.6646412,203.2361304,197.498106,92.486504,87.6506686,107.5713199,146.0859422,163.60404180000003,151.53593039999998,203.957961,207.46450080000002,340.2928518,390.4363344,165.04612880000002,275.1751926,213.616344,213.29698499999998,459.6421909,446.49063300000006,311.0504274,151.6423428,194.6707956,364.3247909,223.2605672,249.0056118,96.41485739999999,115.3696494,133.3211904,197.42992389999998,155.777712,248.92507999999998,146.0994552,180.7943148,109.51860789999999,67.17348640000002,58.377554,171.58765680000002,164.36307299999999,159.5254342,400.0222162,400.2870952,213.4157254,144.3558908,133.49750959999997,189.679455,219.530503,194.69574319999998,196.54791599999996,226.8607698,300.744262,239.60218079999996,179.0519679,271.0572809,293.5229358,153.4417869,176.26110400000002,256.95833239999996,366.5096779,373.9889522,387.60480459999997,289.2005382,278.1750528,281.4169876,162.555228,263.4578,347.7403776,395.0973488,497.67254159999993,694.4331249999999,465.04679899999996,240.4360368,97.8745216,128.18369199999998,300.07134239999993,346.845103,326.2830538,152.4605574,172.80426409999998,183.207326,153.2222109,193.94272800000002,155.45407500000002,133.08332969999998,84.6715142,71.7797031,87.2865,107.88922199999999,77.21313959999999,90.06835520000001,161.05176,112.0529763,248.63773700000002,281.78384919999996,208.60277969999999,145.3201344,138.83340900000002,220.1463117,136.055304,297.113005,230.5244736,100.63498500000001,191.6811516,206.7447492,236.45429880000003,204.63840839999997,152.883225,61.724167200000004,104.489034,179.05084850000003,149.862238,353.1621246,125.179198
2009,58.451338,80.04272639999999,64.20897120000001,54.6886375,134.6846385,159.0355613,76.7032208,68.33313179999999,105.62125680000001,112.85530670000001,126.203374,112.0725216,167.28632000000002,122.20600380000002,64.59058,143.6865141,217.53807120000002,181.38740760000002,198.8051472,105.08112449999997,136.92818229999997,126.99084160000001,47.066058,40.8421544,72.4631776,49.861144499999995,44.5686118,56.917850099999995,106.4478545,79.73290680000001,104.4454071,110.65349210000001,237.113367,202.7513724,137.1910642,109.4073632,128.483212,110.2848318,49.240224,145.48871999999997,160.6246632,136.493511,74.9141328,75.71130269999999,146.7047064,143.2890048,82.93131779999999,87.5569422,52.0734707,73.1073222,86.25839459999999,116.0948763,199.13776959999998,149.0083092,104.12119560000001,129.8007568,106.61018419999999,194.48828749999998,262.1506,359.19164589999997,165.127798,177.89097040000001,140.141274,214.4611973,95.02284540000001,53.47073819999999,49.38045139999999,109.70056459999999,124.7240522,132.47138999999999,175.7193824,182.86080090000002,253.25434029999997,292.68075120000003,200.6822324,170.8578984,241.3524918,202.022392,189.78499440000002,166.76523219999999,186.240936,142.1992456,349.001295,366.6489735999999,243.49028639999997,402.72833240000006,271.0163552,285.905033,247.43564399999997,221.67455199999998,151.2085692,157.7524571,110.7469792,76.32039239999999,127.898862,114.6329023,191.38442120000002,162.39178259999997,302.8832796,247.4437889,92.07194100000001,182.5378786,237.9612249,265.5496635,160.2830565,241.6981611,396.1233396,159.52248419999998,276.80469999999997,303.59936000000005,399.36355,185.864388,269.6733456,278.25956890000003,237.533728,258.6717139,280.9677668,166.5400441,182.5718265,224.1528552,219.5974368,210.3082305,305.79302049999995,261.15766199999996,159.93848100000002,87.443874,119.47974499999998,179.75729339999998,197.00220839999997,327.327084,273.273952,233.101739,276.25221,213.43106609999998,114.2260935,78.12630340000001,137.0245296,183.5007735,298.7838994,252.6473204,193.895763,293.3922926,434.43414779999995,221.237874,136.2464064,219.89638020000004,241.00446540000002,247.5934336,205.56783520000002,205.32519839999998,465.8891175,509.14921119999997,327.58607420000004,287.845602,376.302892,292.4504784,308.8070482,202.14662940000002,374.51043980000003,337.6081216,247.95504680000002,208.1595456,119.09508449999998,340.8660872,434.125986,378.0117936,265.09256519999997,281.8747851,258.14052599999997,365.2600878,250.6185493,305.38965239999993,184.3466027,273.48013799999995,321.3842072,437.68532609999994,410.40880649999997,274.07125399999995,235.87688849999998,202.856784,174.7502536,228.535904,136.4426064
2010,51.625708,155.6633052,204.83665879999998,121.39268419999999,81.89799640000001,121.43865360000001,155.3190529,209.34810009999998,147.057219,75.46586250000001,38.2510648,90.5453484,109.3083642,131.8882374,273.2528124,297.7263042,176.0482531,354.36450390000005,369.121312,366.4920426,385.9268372,282.88314479999997,136.9837205,63.952070000000006,22.618570799999997,80.53712820000001,127.6369626,84.8484,97.801535,76.7733825,62.88850639999999,130.53812309999998,156.7477366,124.5800754,30.5366725,63.528341399999995,79.93128840000001,92.2855878,101.62624989999999,88.72407390000001,159.9401472,283.6184903999999,133.6040312,163.94885490000001,174.949278,324.68087799999995,178.633728,283.9463569,347.7971172,207.55783440000002,238.55718359999997,107.8845852,119.89489520000001,95.10202520000001,101.8583182,140.79724480000002,168.0471416,167.43166560000003,112.41742,130.849846,124.1911608,168.4817368,304.5076992,218.73113299999997,224.43807840000002,145.948439,157.4541631,134.6274432,70.5818912,86.07374159999999,134.9167155,171.7325636,397.31633899999997,257.05704000000003,291.364128,131.3902716,120.74759909999999,162.568711,240.55063370000002,144.37561680000002,194.0070936,288.27179739999997,156.370974,186.9461034,226.30346239999997,192.57639,185.3043408,233.46996199999998,174.203694,243.1612012,272.787855,355.95201119999996,300.885368,208.74677999999997,227.541519,142.0426728,161.42335980000001,168.63183809999998,180.9388056,212.20040109999997,219.17527050000004,348.1806112,369.46424,317.9098879,141.50125440000002,173.34120959999998,259.9789503,178.65528999999998,172.88474069999998,163.75295849999998,103.82344400000001,169.10784959999998,162.04925,286.332499,329.6405287,339.6132279,228.9140205,313.51474440000004,238.92649920000002,288.2196368,138.7249646,140.120217,243.6070096,258.93228700000003,214.9183776,216.0691932,202.800048,260.87293999999997,203.0514032,211.24436319999998,156.3165232,143.97143039999997,196.92623279999998,261.8790028,290.17139490000005,162.74955780000002,124.9828685,96.84150559999999,114.5504625,282.17955839999996,349.3221659999999,233.37843109999997,150.6711569,183.11931040000002,141.70659969999997,185.81388389999998,255.70667759999998,308.5550825,385.32466639999996,191.34651599999998,78.94024799999998,73.21509680000001,76.66243200000001,89.21564279999998,140.04389500000002,369.84122879999995,304.6737204,128.7304704,179.8859634,182.4830875,77.24986559999999,130.8562829,94.7461866,176.25769920000002,110.48450279999999,58.3262228,103.49286289999999,146.86139359999999,128.62247720000002,142.64301089999998,64.2086199,77.56073249999999,77.2275489,90.98628,116.59785899999999,179.102776,248.22622440000004,511.1758138,294.979201,300.91019800000004,294.70803060000003,167.9689078,109.37710080000001
2011,114.33274649999998,59.30849160000001,111.18289839999998,123.6905963,106.82570520000002,86.93499899999999,63.635922,153.388356,145.22092759999998,189.29984570000002,113.90120699999999,47.8708848,94.68531930000002,145.9962546,87.7707006,57.9536685,87.7772748,33.3051152,51.4469076,72.1081008,62.545785499999994,67.7906484,48.883302,61.574702200000004,163.813713,85.4293185,68.350396,209.430662,110.2320036,74.7933849,95.114875,180.58602000000002,188.128542,191.03135999999998,76.2573888,89.5383664,75.735192,103.08817479999999,150.0025167,246.966174,415.22665800000004,385.623887,307.75262,512.0024448,530.8756432,469.6927232,248.6540372,119.28777060000002,203.0571973,251.34129299999998,276.612735,161.88535159999998,110.52939589999998,156.28061069999998,136.5620785,174.55292399999996,251.75240599999998,140.61626850000002,111.7679085,97.6819844,140.1743754,328.7801153,302.03171399999997,143.25081680000002,65.107902,87.70233180000001,190.9367835,120.6221275,139.46802749999998,276.69053030000003,294.2297196,241.40966640000002,164.37132299999996,194.058658,193.54631120000002,219.4205065,276.6098775,188.62804839999998,253.49913339999998,282.7583375,268.73436879999997,245.08519,177.66981179999996,229.618753,373.2086844000001,242.2382615,280.4138784,74.550471,277.98834400000004,275.94998080000005,238.40757600000003,220.7129732,325.5848746,351.97083999999995,327.4020918,280.7603155,320.0522000000001,208.38159239999996,373.4950028,321.54219900000004,327.535924,183.66005399999997,184.1851323,146.1420228,205.7670606,199.6661037,211.5295035,279.548832,301.21119999999996,336.6143618,239.84312350000002,213.1788472,219.8547696,225.0317718,152.698668,255.74369489999998,199.7284185,250.99638690000003,223.59377039999998,251.8087632,295.73874989999996,263.004668,319.71680760000004,340.22888800000004,168.4894713,139.6499059,206.04644999999996,197.51398480000003,231.2847036,204.33577989999998,159.28877159999996,168.241647,111.00724559999999,186.4094784,149.56825600000002,224.97834600000002,245.08373189999998,190.1872165,212.98144440000002,171.17112999999998,158.383451,191.59501679999997,395.9828764,343.7945808,366.09277800000007,270.22147110000003,316.37023980000004,259.535276,304.359003,217.93403310000002,270.4171344,233.1089376,201.7335822,149.9493813,144.05736839999997,261.7431203,370.46786999999995,286.8060492,393.2593445,572.6778576,283.3897344,522.858888,324.49728960000004,139.65911999999997,156.580858,78.0598078,225.721342,295.9277608,135.577305,200.8131237,192.6629895,107.49805549999999,262.5302927999999,327.2250264,305.5171394,485.01493919999996,289.2768335,525.3398409,311.3247357,209.21590080000001,189.9026395,193.3837794,214.24207680000004
2012,85.856322,112.07430000000001,171.33465870000003,178.5237008,105.11600960000001,41.7143389,64.0400404,44.805977600000006,69.3558082,143.80045470000002,215.97338700000003,145.803483,112.13464989999999,126.14474879999999,39.765750000000004,64.2200067,55.447296,64.7364042,90.2378239,139.99212500000002,95.50760059999999,98.2413117,129.260736,94.70907079999999,85.1277066,136.06828119999997,123.362394,156.44143169999998,104.310174,156.53467500000002,138.83221799999998,202.04634000000001,218.3581745,153.43471680000002,190.47986880000002,151.4464119,171.20489199999997,238.7788755,232.8337089,150.02865119999998,184.41540460000002,266.521215,240.88035400000004,211.63491989999997,167.008689,115.84561329999998,238.42526649999996,69.411827,116.90020760000002,161.143191,286.30071619999995,205.3251976,141.54651779999998,108.0636452,124.6709205,303.5117589,299.4042388,204.22611299999997,240.29489060000003,347.7324924,237.93981960000002,257.0793195,156.5897334,176.9023908,134.56997280000002,244.520505,382.4567724,403.88959040000003,276.3922937,211.265644,238.8114958,106.10881679999999,166.00185,123.87636179999998,159.022386,112.7101868,265.7095,316.0732802,126.95685599999999,138.7973204,141.8870064,110.9320528,180.5326078,171.83815560000002,285.95137170000004,403.2667586,232.2437062,335.3401849,348.51728820000005,138.94290800000002,292.61889089999994,256.07670770000004,256.2120142,358.1556528,465.83737619999994,217.98800100000005,133.697212,189.31837769999998,358.66107299999993,485.73108900000005,384.200488,422.2625568,351.1528336,206.7547944,262.78583100000003,296.441397,307.42761779999995,381.98431629999993,325.6349798,377.7165315,293.9417412,186.88692000000003,155.14700130000003,273.9980672,261.84521520000004,228.8083833,110.5352908,135.24540059999998,187.31893760000003,154.8077698,285.226387,209.3052563,147.82134689999998,182.2173645,187.88596559999996,315.3728339,279.3071076,162.989055,160.19470389999998,409.6949076,298.7021892,261.4024415,231.45756240000003,193.9546521,252.9910124,265.4681914,211.7412528,358.67172,176.62462109999998,408.77015400000005,468.32557799999995,231.38768969999995,233.89941299999995,141.36474090000002,218.08973759999998,192.8018236,192.645099,234.96262419999996,280.6905845,299.32743830000004,398.6532822,217.6524822,159.47713410000003,215.271936,336.9976272,293.95996149999996,244.51508049999998,61.901946,248.679522,264.0039765,437.4187964,222.27239999999998,396.2444116,281.0556686,211.876552,194.4199745,316.19557899999995,146.182689,90.79184159999998,276.50814099999997,263.68238110000004,161.6325469,175.0548835,193.1080188,309.75211950000005,154.6224405,179.938476,180.052271,151.54163939999998,350.2232224,416.7181902,289.63803749999994,132.7849224
2013,71.6163624,137.0742092,85.086975,55.00315380000001,40.1864694,31.388142799999997,29.883716099999997,37.8178669,147.75793199999998,133.65524889999998,91.102267,84.85697040000001,66.1424126,43.228068400000005,71.59281419999999,52.057916399999996,75.0863736,66.865014,75.7848455,116.90989800000001,51.155704199999995,101.3689504,105.4058684,159.9470977,136.006494,77.0458689,228.3985008,76.54731600000001,48.285694400000004,27.0039981,151.37296169999996,302.4236397,137.1218544,280.5708048,486.7177692,456.6174087,150.8378004,118.92902280000001,152.02296269999997,154.1885256,316.28976,408.44577400000003,265.8564344,111.8921998,166.65032300000001,129.654609,219.18735149999995,259.0009936,228.67242300000004,310.78136700000005,356.7834543,377.93668439999993,368.379077,352.315812,179.836906,246.2101908,128.5725516,102.4633302,169.39800469999997,224.27600959999998,176.7630144,133.17365,116.03207979999999,214.3514906,384.5876904,342.67043099999995,280.08841499999994,133.8607284,242.7749116,261.33173519999997,272.2631085,204.129302,219.8044646,254.17438750000002,202.9722214,253.08218820000002,136.6841385,106.5760464,209.62093080000002,219.89168909999998,192.0318714,162.22168440000002,162.86759999999998,148.81650480000002,197.71374319999998,242.75749670000005,248.597265,156.9261704,240.269024,329.5461084,413.6780752,480.653172,527.412296,337.5185548,183.65842750000002,158.4589635,163.663784,158.64255959999997,204.8620392,311.73148309999993,307.94692799999996,331.81476699999996,295.09309829999995,228.20969849999997,103.0178832,171.93559240000002,183.92820920000003,252.21925979999997,221.96924760000002,158.13898400000002,114.01443900000001,88.217426,110.8911738,132.8886555,125.96562379999999,254.8243569,317.4311487,230.942888,287.1324208,219.3911814,184.8933168,202.73033819999998,124.27569200000002,226.74923699999997,270.0138475,168.0476974,200.3032915,209.3014112,177.87239470000003,180.5865074,189.2539792,231.90977979999997,235.89959639999998,223.9356008,231.49610400000003,277.87307039999996,226.0630554,222.37762679999997,243.15493520000004,304.8490432,305.3041632,226.21340039999995,237.0265695,373.95144250000004,240.4667641,212.137597,159.444044,158.52757680000002,270.8876131,246.5118912,176.04391770000004,180.85914559999998,235.1089761,298.1727434,322.01582040000005,382.53714859999997,481.0054032,388.0547418,240.15248,281.67303680000003,375.58730270000007,329.6274426,221.5428366,149.1139843,527.1931798,283.53496640000003,143.26774,410.61832639999994,446.83117119999997,361.2418797,110.52138239999998,145.4617773,276.57518680000004,285.12593880000003,284.42275200000006,194.02825810000002,172.5435975,91.8129429,54.78206159999999,109.91653619999998,148.73564670000002,214.744404,183.76567200000002
2014,45.142225200000006,24.357391999999997,71.16803399999999,107.693724,60.7344188,77.6980281,136.50882900000002,292.49960589999995,159.42910080000001,55.2963452,32.9418231,44.525936,44.090136,122.58399700000001,46.623646300000004,67.2107444,104.8768042,83.5430408,75.0006171,90.27416149999999,103.8220878,232.11503280000002,176.80563299999997,132.757503,76.9714782,93.2967649,121.56265660000001,78.9299556,113.9907485,276.97435,203.49820920000002,95.30765099999999,42.210363599999994,37.1146688,80.6605716,72.725935,58.927905399999986,54.126096000000004,56.461633199999994,76.742628,97.28488000000002,134.24838910000003,144.0504,139.8886221,234.9279567,148.4529831,174.98118979999998,185.579352,170.39810079999998,233.05570329999998,315.5595492,200.36267790000002,516.8309782,269.5672623,212.37581,188.64956159999997,102.7368593,68.94076559999999,143.0282232,247.002322,197.4764818,242.51569679999997,225.87517400000002,178.52173260000004,102.855513,110.22977599999999,54.2504754,68.4365892,252.255289,158.55298240000002,169.0378068,192.54901510000005,199.70423680000002,245.90945399999998,290.0619421,303.5053965,176.617445,170.69355480000002,281.7813576,180.79956400000003,170.89046040000005,162.0282389,159.048,264.35910519999993,313.709726,315.222024,169.6401846,96.59296199999999,167.01613200000003,330.2323024,338.9463508,148.7559286,314.9582481,448.7967372,326.6205282,210.35159459999997,236.96367659999999,234.4661559,436.26538650000003,386.1951171,310.11084719999997,313.41650339999995,174.49473120000002,212.95623199999997,383.088612,509.6191058,398.191836,157.63612740000002,191.280702,227.39186640000003,183.2234944,140.56064,275.68154880000003,317.36649279999995,304.42647379999994,235.5871234,171.34533910000002,152.3857426,171.95265369999998,211.38053069999998,398.613726,336.694214,227.8953252,292.2133128,265.82703680000003,193.6131912,330.7421205,472.62886590000005,330.92217619999997,155.990627,185.8755788,210.999888,225.3586172,328.65400960000005,504.37787219999996,329.10042000000004,197.8611426,245.48161399999998,358.69365760000005,286.3737513,130.0750018,169.3025206,89.5797168,62.3294202,114.01159650000001,125.2344576,243.93499839999996,353.8860404,308.1249405,195.22180620000003,172.57594959999997,240.651625,157.702524,138.822152,75.8697035,106.0667868,176.0944736,164.9854719,126.6843399,103.25541960000001,74.0319667,27.207251999999997,55.036138799999996,188.87746519999996,102.09873750000001,75.1203936,122.5012498,131.33876,160.4156136,246.3373835,216.85220920000003,299.264016,289.5375087,345.1977888,409.39180799999997,299.715954,325.46236960000005,271.9730146,139.87306019999997,90.9775488,222.8473793,296.34476159999997,109.2008523
2015,133.8249792,25.0660656,32.301,40.3352,29.078173800000002,121.6430784,110.67193280000001,116.74940159999998,321.9179754,337.9690241,195.99723840000001,136.85582200000002,226.2004176,146.1847093,219.83746859999997,181.38189319999998,131.2267671,141.73660759999999,87.62194070000001,135.0648343,203.08941520000002,197.88204900000002,142.821216,78.0967066,69.1509692,155.7373885,205.0319738,409.6944231,267.74417760000006,229.2141612,173.09206920000003,86.1547908,59.7378564,103.4821824,99.777678,90.615406,33.2831153,86.83251249999999,107.63804959999999,182.624046,198.83501920000003,298.281819,365.8822888000001,274.57599000000005,349.575155,133.4453784,144.29802239999998,221.07014,306.51547539999996,240.0838175,229.01866799999996,457.236573,288.91359199999994,110.97720650000002,346.6182424,177.8022166,287.4222432,116.8882158,139.94593799999998,294.58421250000004,227.97469439999998,178.5679237,136.10367399999998,222.62302079999998,332.79886559999994,329.25920019999995,315.3544688,248.2289836,225.5825395,149.95965880000003,190.29999039999998,240.8991896,211.9349944,204.99651219999998,196.1423,128.964537,148.1059944,163.10442000000003,273.143012,202.14261059999998,198.84490630000002,139.77196650000002,135.7521867,137.70283879999997,229.4923588,230.50907200000003,353.07417599999997,366.7568775,362.14685000000003,310.491852,247.30897290000001,279.28736779999997,311.7057198,375.119934,220.431826,294.0640848,259.7957034,160.1110844,388.0041508,246.12816130000002,277.1784988,388.2631356,245.2648716,167.7220522,324.72174349999995,284.7717135,360.02188559999996,358.12071249999997,326.4363214,286.54183620000003,242.20762720000002,336.7490842,172.00855800000002,148.70750400000003,209.93207040000001,185.7345716,140.742966,229.8070424,194.400691,248.63670000000002,257.12846249999996,170.2342163,98.929641,70.6211649,270.9909664,282.389016,301.3673412,274.665465,175.7032836,182.7099325,213.64434719999997,354.8125958,360.9444879,335.830968,275.5984104,322.2123674,149.08887780000003,124.66793600000001,156.45979250000002,203.920576,325.79431999999997,224.184948,150.5694295,170.780247,305.79376499999995,353.2581234,134.119713,114.0607845,299.1771681,392.5147996,364.51390139999995,378.6124336,291.5085908,145.97866320000003,195.27856349999996,155.66575630000003,104.5982025,74.4232434,126.19302339999999,71.60433920000001,79.4329314,153.5775738,181.34575320000002,335.29425000000003,292.6591824,81.1711296,78.073548,78.08652799999999,68.093568,131.78624040000003,155.51758949999999,250.93640810000002,179.45156720000003,95.7781344,71.5080108,180.8508114,292.57660339999995,286.485522,177.1792968,169.67946999999998,97.2546264,245.4388549,193.786826
2016,97.98546659999998,53.1815295,35.3913168,50.588471999999996,93.56504819999999,113.8922922,30.769362,126.9062036,113.1209937,51.4734987,135.95140339999998,94.8674858,118.05927000000001,70.84184850000001,156.52346850000004,307.064093,253.44443399999997,805.787938,475.41660160000004,103.14360869999999,127.2965946,99.93013900000001,141.48764799999998,95.992505,78.8573385,78.099175,106.29994199999997,283.93344,326.5409488,226.7344978,305.97156,385.237248,395.5569891,497.94491389999996,215.4303648,205.34547540000003,342.0088806,335.6778516,125.87584050000001,98.509095,112.70967359999999,114.30134099999998,77.0702256,139.7581278,219.5763076,373.01042490000003,295.01420160000004,289.99815329999996,248.682824,209.036784,176.7308256,155.9270412,220.9479413,192.32343000000003,195.20420399999995,165.412404,327.8159594,291.85396099999997,66.6221892,153.6276972,155.06492360000001,222.073227,92.1210444,209.88322740000004,378.1859788,253.21851730000003,485.6608100000001,391.1291473,324.68795919999997,323.96368440000003,235.10546799999997,288.62183239999996,250.9767764,281.9168121,210.969015,345.23368999999997,262.3075,205.510704,214.6076,224.89015229999995,190.30392750000001,239.2603936,279.7169952,192.04375439999998,158.4030924,165.5969392,157.5706812,209.5758324,214.81140240000002,325.3070895,334.69594,263.025778,213.6973038,214.22135279999998,195.78924210000002,178.4887208,143.877435,112.7937859,151.3993635,174.4792558,110.77071029999999,258.3235694,228.25579000000002,191.53240200000002,118.6392948,121.19020260000002,306.4817676,194.3585111,279.2618944,272.1572798,207.52273149999996,337.6061892,268.6713366,181.9343326,311.39997,280.4398476,256.4765283,196.8256719,94.6390522,123.76128240000001,154.8371064,201.568911,341.81786100000005,299.35985120000004,141.07485,142.99124400000002,151.32890369999998,221.59301849999997,222.1206041,164.73510900000002,213.16403309999998,206.9305084,178.4764534,188.4369927,195.9996171,159.2964653,225.40762999999998,316.7846817,269.1935103,243.5736141,138.79626620000002,162.8003922,127.59902100000002,260.547976,232.0702272,139.5909875,220.7819198,255.99192960000002,314.00773079999993,212.40334160000003,111.42485900000003,177.0225912,332.160803,271.29231340000007,195.342945,234.72944099999998,120.2349288,110.74561480000001,131.29662150000001,94.2106608,145.0694328,170.9812566,293.68796939999993,226.1948557,155.64709109999998,330.40143450000005,206.96711639999998,188.54833000000002,269.06308900000005,243.197541,186.92539320000003,121.398499,104.87252240000001,123.86245200000002,268.47701159999997,229.11119159999998,201.9482984,202.43494080000002,289.2003548,248.902435,156.91939200000002,132.40710700000002,159.5569336
2017,199.6732008,84.52496560000002,62.47050670000001,56.70345149999999,176.57477999999998,211.1553675,169.5382794,105.2303224,110.7871479,113.3245704,96.75133869999999,68.78807199999999,111.2990884,134.0235676,67.4753992,83.4353793,72.6868888,38.148892000000004,34.601766399999995,98.10678080000001,39.4877659,33.157208,50.0878845,57.26797079999999,66.8345381,64.2616452,88.5884738,94.36972499999999,101.5626702,89.76712260000001,80.45609400000001,77.189416,326.59245780000003,372.2858386000001,529.4163157999999,353.72574000000003,183.6520518,120.93194100000001,125.79098139999999,121.6129194,182.065338,137.28347340000002,165.0080865,121.46595049999999,88.03128880000001,72.01293350000002,96.46869539999999,152.1204189,186.17234779999998,133.157664,190.9268466,314.21243230000005,353.6266968,286.65388839999997,206.71218550000003,133.59926170000003,256.7878067,193.209954,222.9863646,376.368339,588.946464,342.84556879999997,405.8336729999999,371.73788820000004,206.7587856,255.98154120000004,194.1814732,237.69358920000002,321.2115114,357.6152963,148.547173,155.65352,328.67681400000004,243.99279539999998,239.05731959999997,225.03477150000003,105.51485120000001,210.5855344,178.9814768,258.6823975,223.39490519999998,305.81973350000004,257.63087700000005,107.09962999999999,103.95449609999999,380.1841244,448.75252399999994,187.6032424,204.4403957,236.1035744,112.9816344,269.936982,318.62648370000005,431.01061209999995,327.547126,310.4997261,212.84686920000001,141.350708,162.9065716,359.16460820000003,294.97265749999997,109.515392,188.8275064,243.0047253,204.2004876,394.849788,294.3084408,219.08741959999998,169.3913469,263.4848766,253.3391736,268.4494188,255.287972,291.87856719999996,319.445883,264.0769814,413.2707838,368.153453,302.6318626,148.4122518,399.043395,262.12460530000004,112.9415717,155.7625782,168.782238,103.8086356,160.7657708,182.86608550000005,139.824266,187.7900463,218.34062999999998,177.04417440000003,260.53716,457.15946799999995,477.3116592000001,303.7064318,214.9554213,206.7355732,244.93150110000005,296.3662162,257.733749,247.4727164,237.461004,129.7576358,329.8497904,297.7798546,374.660181,333.70179579999996,340.66328560000005,205.4858946,274.03129409999997,452.1061440000001,339.0833295,269.2660382,239.92342289999996,214.68137240000001,181.5274872,258.30089999999996,200.8578048,658.8864893999998,352.5511176,122.5208348,292.407931,327.4650368,265.89699629999996,57.63653699999999,46.0398912,122.6305885,191.8806375,191.11792699999998,198.36948859999998,248.1291786,243.28373759999997,156.4515472,43.1015508,77.89821479999999,149.224544,194.8592484,162.7428348,141.1344053,377.75401120000004,471.78957,127.59892740000001
2018,33.2897466,16.6479885,17.81164,25.0549182,21.4752747,18.196243,47.744542499999994,48.6770672,43.837470599999996,52.4510879,26.7366239,52.18277939999999,105.1648741,128.90985,127.80488700000001,110.0095704,105.20716740000002,122.3016756,270.8973936,245.8314348,109.7351082,128.62598260000001,158.5103481,410.80761420000005,230.0763777,298.5887373,499.05401279999995,409.7579160000001,118.788132,177.44813649999998,117.5519772,169.27288920000004,243.24982149999997,88.95086599999999,300.3364368,373.3077632,310.435752,360.6231852000001,147.60813999999996,199.1153076,339.27828479999994,444.3123762,156.2533727,169.2415742,179.253492,132.69463199999998,131.29576740000002,178.8607403,367.8238242,329.8861247,208.991432,259.9377568,427.41353999999995,269.577902,172.9727506,327.85340979999995,319.63623449999994,300.528023,225.4855824,76.5725142,131.0238219,116.7082048,90.66176759999999,153.973492,147.0823864,99.7389597,78.68112959999999,268.897196,516.1668096,340.150545,354.0407616,241.70877919999998,186.6906748,120.93035520000001,129.88694599999997,114.7558775,120.3114307,351.5127756,464.5528188,378.82874039999996,567.2920268,281.7178275,239.3104875,230.10462000000004,272.5888772,459.02705139999995,226.5117022,289.7651874,215.8060299,121.8847606,203.04371759999998,165.99334349999998,203.6298811,226.0358144,179.1095472,395.1415728,442.42711040000006,323.6150126,270.31064200000003,287.8022016,376.661376,286.6213016,166.4042144,164.18811730000002,308.25356800000003,283.24499,423.28945100000004,326.81912889999995,135.6683844,214.226688,323.8394768,291.14151719999995,316.9110006,220.426794,91.5993034,99.18797800000002,154.6399232,218.72168010000001,308.3232128,280.11705029999996,172.6321976,165.7953374,153.8961756,157.81250959999997,334.8883215,289.9030488,359.06987319999996,389.71007979999996,353.73947100000004,400.866334,476.7578238,410.16121810000004,322.3273625,142.7035285,298.8381066,554.1278444,295.5797292,385.7505168,318.78801360000006,284.984974,135.904527,257.762997,341.1689244,339.33435600000007,152.757468,73.6854728,70.38008099999999,126.44112200000001,90.33251120000001,208.9811444,107.9805891,187.15519229999998,208.38210020000002,205.04911929999997,184.46810720000002,247.4895738,134.5809637,145.109412,112.36065799999999,237.6198108,231.453856,230.98171550000004,46.79148030000001,141.19212169999997,79.3345762,41.881462000000006,43.287436799999995,44.4674692,64.4953965,86.53710000000001,79.4997255,65.5171902,72.29666800000001,39.9791313,109.8529614,115.30796759999998,103.74882419999999,226.47822580000002,186.6085101,49.38321919999999,85.5771984,68.448544,45.5762986
2019,85.7427878,55.4894821,27.0009575,32.2658078,59.9348736,99.0897348,85.47551999999999,90.85214189999999,111.9830465,83.26547399999998,108.9684123,147.2511446,147.9689112,150.62149,117.1606247,85.221248,117.9555622,241.8556784,207.5822757,88.776103,137.5373644,332.203245,238.65694299999998,204.6570333,117.27560199999999,66.3583347,61.04143560000001,45.7205772,91.04866139999999,32.9482224,41.696669299999996,78.24575569999999,84.263403,74.23320899999999,47.781162,45.3498862,107.06102100000001,136.5926021,225.29523500000002,206.5063944,322.386348,240.30604440000002,125.3109052,100.6954001,100.4861966,160.65330880000002,290.41201199999995,354.3689646,270.27527010000006,267.2935296,233.36735759999996,244.2621288,148.0408578,158.04014199999997,135.46247970000002,375.0340257,418.98068959999995,546.4530456,545.410966,186.7798864,80.4862552,273.64652590000003,326.4543287999999,217.9133847,225.400637,123.517485,108.9184766,103.33622480000001,116.9089148,127.26838020000001,212.0404428,143.751836,206.269028,251.4149044,154.24366500000002,152.3947575,240.2209335,507.2375924,345.0235075,217.102037,282.240318,256.36251610000005,153.1379286,174.2677388,152.77929860000003,145.2406032,107.607322,181.3142088,220.44296879999996,230.33471849999998,312.7449526,279.766608,256.44436229999997,184.91111099999998,185.3043724,140.80770359999997,164.4154275,215.76743819999996,89.2687224,81.3355686,103.33952820000002,199.072818,265.5498396,149.4430749,205.86723300000003,184.4582928,188.5296336,211.2964809,171.26600240000002,209.8697675,177.6175736,324.3018636,337.6364445,310.2878736,352.51391959999995,274.2773049,344.3940675,291.84178929999996,300.63860800000003,216.6817655,140.6409576,143.5469941,174.59602650000002,161.8808085,220.3050077,260.5681188,290.329468,164.574498,94.5063947,160.616412,202.29716699999997,166.06563219999998,159.315247,113.3297828,205.08264300000002,302.8424706,152.53665479999998,397.46380500000004,183.7484968,154.160604,75.2432628,241.9848528,470.158416,322.1378548,263.75002739999996,204.31196400000002,132.2451984,136.16130779999997,135.66788970000002,181.5107493,155.8427829,100.0747875,112.406842,149.5182825,261.1914168,177.18164969999998,303.05416440000005,286.4462515,114.6545558,159.1194444,121.1716038,102.26876999999999,90.63430319999999,157.8054615,276.04874390000003,247.44721739999997,198.4389472,232.02004860000002,248.110676,139.6543852,92.1827712,255.42785039999998,164.8573475,319.6332525,298.79684999999995,266.4777825,170.07178760000002,176.36304909999998,103.8847914,70.56293939999999,50.4502824,48.807932,53.202202400000004
2020,24.038420000000002,13.2010648,24.335941199999997,34.1493789,43.91054199999999,45.82519919999999,71.28264390000001,75.8096691,155.8303052,75.5196752,46.858818,37.4384816,36.727554999999995,60.5725368,46.806067000000006,122.05299600000002,123.14535479999999,150.7841178,149.64787600000002,62.637523399999985,105.39870819999999,85.2385446,73.6288388,85.64959209999999,267.0559112,99.26910000000001,109.34720220000001,228.1641804,387.4315568,230.07975420000002,123.74852900000002,108.21943439999998,171.99515060000002,207.70192169999999,273.9727478,370.6619878,214.1696208,148.2332512,79.853283,89.7913576,96.5107524,265.9796928,243.5942754,88.18510959999999,99.83954200000001,116.5219869,174.80835240000002,181.1130085,145.9536325,232.9431539,183.36006199999997,115.20025550000001,142.690086,196.99310020000001,173.3481654,156.72556079999998,148.8436326,139.6893168,170.2323042,392.4284847999999,388.9847738,293.29725119999995,223.09146900000002,160.31472099999996,145.9008616,175.128393,244.30618520000002,217.26548879999996,103.4671128,146.2624525,98.6251392,206.67802400000002,298.4187913,368.51010929999995,525.1133359999999,250.541486,155.3928723,142.6925024,105.62119040000002,279.07613799999996,198.7463526,277.5469312,261.9596234,248.158569,249.1959312,192.38305860000003,158.39264369999998,125.2131389,270.80193490000005,198.9586913,262.3246236,353.2144096,423.9194466,227.53294199999996,156.736877,165.5263815,187.4880144,341.2466208,232.947013,173.5985745,218.5954061,298.78963200000004,336.9078024,327.1832529,305.27475300000003,295.05592740000003,172.4033184,164.2401504,269.2544876,117.01774120000002,128.9854864,300.56165580000004,214.0811717,152.288523,157.93021769999996,179.36618660000002,297.1668093,305.21351200000004,329.21089109999997,246.79538730000002,245.2743168,199.23122879999997,359.8663695,456.8166504,479.9178360000001,380.4482253,412.43494640000006,578.706072,383.7992084,292.3572812,340.32167599999997,272.6344621,256.9581266,305.7023349,298.76234940000006,260.1332928,218.171693,237.7770545,340.9435656,380.96967040000004,323.58077080000004,169.817879,259.94602080000004,243.76912,227.0076192,323.9784855,334.03392089999994,195.67011109999999,234.1410553,216.9989514,238.52112739999998,244.55015640000002,177.70671030000003,249.99552200000002,177.79319999999998,149.7192675,128.9420372,218.635963,120.90672,102.44132359999999,283.3822211,239.9406912,136.272977,223.7086404,120.12472259999998,99.07730500000001,85.76446720000001,113.75144239999999,99.6212581,106.0800624,314.1704796,304.9277285999999,194.2341975,196.30176419999998,160.47906030000001,269.4356694,257.03746559999996,277.6400298,121.2062888,163.02712359999998,332.96229700000004,203.1203674,129.03776340000002
2021,236.5434643,165.405565,72.16066590000001,81.349148,52.8474477,98.942818,107.28379800000002,107.37808,152.87999459999997,68.47746300000001,32.7360789,65.5669944,177.2165496,233.8773151,84.37921779999999,220.234014,85.2124122,51.445403100000014,77.29516799999999,211.78506299999998,273.7185716999999,66.182314,32.690728,62.217500099999995,84.4962052,87.5753613,22.425024999999998,61.28991059999999,164.46906239999998,275.8623335,124.196642,62.1335312,63.70544700000001,88.1081802,119.428144,343.16907480000003,257.4862812,250.2198442,199.4666742,168.413502,117.4694648,138.7616264,142.8528972,89.6535484,160.78834360000002,199.24171019999997,202.8924768,163.50133920000002,81.5297812,98.4331098,193.45765679999997,372.70985249999995,501.05000479999995,364.2407664000001,140.0461272,287.1590465,316.66474980000004,314.73373749999996,177.35698770000002,226.98400270000002,288.6963006,411.0143811,475.214352,329.5021092,256.88229420000005,243.68963359999998,168.4641148,162.42268900000002,76.47624719999999,235.630683,277.4480005,259.34463,187.56280080000002,340.12301520000005,386.7222241,393.5239464,327.0039188,170.1328035,112.0016544,172.0059456,112.7836957,312.29377320000003,315.49271009999995,284.92025099999995,338.487149,437.5318854,340.8816432,319.5561902,396.4284488,649.9385853,1060.9576912,957.9060972000001,373.698845,346.07653400000004,146.2496022,102.6756384,292.3001352,433.21915980000006,493.34475320000007,271.24999579999997,549.5760776000001,396.74354400000004,234.68942969999998,291.39061000000004,498.67495439999993,338.0678016,148.019935,145.1377625,78.6772903,91.17471449999998,91.0884924,171.6256952,314.2971304,454.74592319999994,325.0040952,145.25899489999998,202.5711976,273.77538020000003,211.96586480000002,216.07986449999996,172.2277369,265.3690182,315.4511742,315.249261,270.24959720000004,228.2664858,175.7522076,319.42378080000003,270.6062205,240.87745550000002,343.85548859999994,356.655731,310.26399169999996,188.125308,398.3520736,495.26118599999995,405.1479616,441.2155677,256.6845461,228.59609849999998,192.2927018,117.14930999999999,119.9345666,126.81076,105.4088204,158.86368,272.534784,312.72324000000003,286.68748159999996,228.15347999999997,262.9922592,215.16033009999998,233.34805799999998,188.6819168,250.107832,139.5591741,360.60868730000004,328.6300276,252.84753670000003,262.4797279,342.9007452,268.38791080000004,181.78060679999996,268.48185,238.36944949999997,188.046495,222.89415280000003,333.0502728,208.28537919999997,155.66927760000002,176.366698,133.68139280000003,153.55719679999999,348.851784,209.8664316,196.34167559999997,288.439017,235.54851250000002,195.21145140000002,114.8171985,105.9969519,172.24766449999998,246.479003
